{
  "baseline_experiment": "baseline_bm25",
  "enhanced_experiment": "enhanced_keywords",
  "best_strategy": "keywords",
  "performance_timing": {
    "query_processing_time": 40.752272844314575,
    "total_evaluation_time": 0.8906939029693604,
    "queries_per_second": 14.723105194455604
  },
  "strategy_comparison": {
    "keywords": {
      "recall_at_5": 0.89,
      "mrr": 0.7877380952380952,
      "evaluation_time": 0.0742487907409668
    },
    "rewrite": {
      "recall_at_5": 0.87,
      "mrr": 0.7049801587301587,
      "evaluation_time": 0.16562819480895996
    },
    "expand": {
      "recall_at_5": 0.735,
      "mrr": 0.5732638888888889,
      "evaluation_time": 0.6508169174194336
    }
  },
  "detailed_comparison": {
    "baseline_metrics": {
      "recall_at_1": 0.535,
      "recall_at_3": 0.68,
      "recall_at_5": 0.73,
      "recall_at_10": 0.81,
      "mean_reciprocal_rank": 0.6228710317460318,
      "total_queries": 200,
      "queries_found": 162,
      "queries_not_found": 38,
      "average_rank_when_found": 2.067901234567901,
      "median_rank_when_found": 1.0
    },
    "enhanced_metrics": {
      "recall_at_1": 0.705,
      "recall_at_3": 0.825,
      "recall_at_5": 0.89,
      "recall_at_10": 0.965,
      "mean_reciprocal_rank": 0.7877380952380952,
      "total_queries": 200,
      "queries_found": 193,
      "queries_not_found": 7,
      "average_rank_when_found": 1.854922279792746,
      "median_rank_when_found": 1
    },
    "improvements": {
      "recall_at_1": {
        "baseline": 0.535,
        "enhanced": 0.705,
        "absolute_improvement": 0.16999999999999993,
        "relative_improvement_pct": 31.775700934579426
      },
      "recall_at_3": {
        "baseline": 0.68,
        "enhanced": 0.825,
        "absolute_improvement": 0.1449999999999999,
        "relative_improvement_pct": 21.323529411764692
      },
      "recall_at_5": {
        "baseline": 0.73,
        "enhanced": 0.89,
        "absolute_improvement": 0.16000000000000003,
        "relative_improvement_pct": 21.917808219178088
      },
      "recall_at_10": {
        "baseline": 0.81,
        "enhanced": 0.965,
        "absolute_improvement": 0.15499999999999992,
        "relative_improvement_pct": 19.13580246913579
      },
      "mean_reciprocal_rank": {
        "baseline": 0.6228710317460318,
        "enhanced": 0.7877380952380952,
        "absolute_improvement": 0.16486706349206348,
        "relative_improvement_pct": 26.468892449518517
      }
    }
  }
}